ability,role,acc_full_pool,acc_after_filtering
0.6,filter,0.3597502331746203,0.12684989429175475
0.9,filter,0.4077304553044113,0.14799154334038056
1.2000000000000002,filter,0.4556393422899038,0.14587737843551796
1.5,filter,0.510012345031914,0.19238900634249473
1.8,filter,0.557268347495235,0.2832980972515856
0.6,twin,0.3524207906320741,0.15644820295983086
0.9,twin,0.40619162431000877,0.1839323467230444
1.2000000000000002,twin,0.4534854197576522,0.20507399577167018
1.5,twin,0.5112896994623561,0.2558139534883721
1.8,twin,0.559429481744066,0.28118393234672306
-0.5,other,0.20044180215397542,0.07188160676532769
0.0,other,0.2631668150687369,0.12050739957716702
0.4,other,0.32137272630647395,0.12684989429175475
2.2,other,0.6220235944007014,0.38054968287526425
2.6,other,0.6888601707681238,0.4249471458773784
